200,https://github.com/.well-known/assetlinks.json,OK
200,https://github.com/login?return_to=https%3A%2F%2Fgithub.com%2Fsettings%2Fsecurity,OK
200,https://github.com/.well-known/security.txt,OK
200,https://github.com/0,OK
200,https://github.com/00,OK
200,https://github.com/01,OK
200,https://github.com/02,OK
200,https://github.com/03,OK
200,https://github.com/04,OK
200,https://github.com/05,OK
200,https://github.com/07,OK
200,https://github.com/08,OK
200,https://github.com/09,OK
200,https://github.com/1,OK
200,https://github.com/10,OK
200,https://github.com/100,OK
200,https://github.com/1000,OK
200,https://github.com/1001,OK
200,https://github.com/101,OK
200,https://github.com/102,OK
200,https://github.com/103,OK
200,https://github.com/11,OK
200,https://github.com/12,OK
200,https://github.com/123,OK
200,https://github.com/13,OK
200,https://github.com/14,OK
200,https://github.com/15,OK
200,https://github.com/1990,OK
200,https://github.com/1991,OK
200,https://github.com/1992,OK
200,https://github.com/1993,OK
200,https://github.com/1994,OK
200,https://github.com/1995,OK
200,https://github.com/1996,OK
200,https://github.com/1997,OK
200,https://github.com/1998,OK
200,https://github.com/1999,OK
200,https://github.com/1x1,OK
200,https://github.com/2,OK
200,https://github.com/20,OK
200,https://github.com/200,OK
200,https://github.com/2000,OK
200,https://github.com/2001,OK
200,https://github.com/2002,OK
200,https://github.com/2003,OK
200,https://github.com/2004,OK
200,https://github.com/2005,OK
200,https://github.com/2006,OK
200,https://github.com/2007,OK
200,https://github.com/2008,OK
200,https://github.com/2009,OK
200,https://github.com/2010,OK
200,https://github.com/2011,OK
200,https://github.com/2012,OK
200,https://github.com/2013,OK
200,https://github.com/2014,OK
200,https://github.com/2015,OK
200,https://github.com/2016,OK
200,https://github.com/2017,OK
200,https://github.com/2018,OK
200,https://github.com/2019,OK
200,https://github.com/2020,OK
200,https://github.com/2021,OK
200,https://github.com/2022,OK
200,https://github.com/21,OK
200,https://github.com/22,OK
200,https://github.com/2257,OK
200,https://github.com/23,OK
200,https://github.com/24,OK
200,https://github.com/25,OK
200,https://github.com/2g,OK
200,https://github.com/3,OK
200,https://github.com/32,OK
200,https://github.com/3g,OK
200,https://github.com/3rdparty,OK
200,https://github.com/4,OK
200,https://github.com/42,OK
200,https://github.com/5,OK
200,https://github.com/50,OK
200,https://github.com/500,OK
200,https://github.com/51,OK
200,https://github.com/6,OK
200,https://github.com/64,OK
200,https://github.com/7,OK
200,https://github.com/7z,OK
200,https://github.com/8,OK
200,https://github.com/htdocs,OK
200,https://github.com/htm,OK
200,https://github.com/html,OK
200,https://github.com/htmls,OK
200,https://github.com/htpasswd,OK
200,https://github.com/http,OK
200,https://github.com/httpd,OK
200,https://github.com/httpdocs,OK
200,https://github.com/https,OK
200,https://github.com/httpuser,OK
200,https://github.com/hu,OK
200,https://github.com/human,OK
200,https://github.com/humans,OK
200,https://github.com/about,OK
200,https://github.com/humor,OK
200,https://github.com/hyper,OK
200,https://github.com/i,OK
200,https://github.com/ia,OK
200,https://github.com/ibm,OK
200,https://github.com/icat,OK
200,https://github.com/ico,OK
200,https://github.com/icon,OK
200,https://github.com/icons,OK
200,https://github.com/icq,OK
200,https://github.com/id,OK
200,https://github.com/idbc,OK
200,https://github.com/idea,OK
200,https://github.com/ideas,OK
200,https://github.com/idp,OK
200,https://github.com/ids,OK
200,https://github.com/ie,OK
200,https://github.com/if,OK
200,https://github.com/iframe,OK
200,https://github.com/iframes,OK
200,https://github.com/ig,OK
200,https://github.com/ignore,OK
200,https://github.com/ignoring,OK
200,https://github.com/iis,OK
200,https://github.com/iisadmin,OK
200,https://github.com/im,OK
200,https://github.com/imagegallery,OK
200,https://github.com/imagenes,OK
200,https://github.com/images1,OK
200,https://github.com/images2,OK
200,https://github.com/images3,OK
200,https://github.com/imanager,OK
200,https://github.com/img,OK
200,https://github.com/img2,OK
200,https://github.com/imgs,OK
200,https://github.com/immagini,OK
200,https://github.com/imp,OK
200,https://github.com/import,OK
200,https://github.com/important,OK
200,https://github.com/imports,OK
200,https://github.com/impressum,OK
200,https://github.com/in,OK
200,https://github.com/inbound,OK
200,https://github.com/inc,OK
200,https://github.com/incl,OK
200,https://github.com/include,OK
200,https://github.com/includes,OK
200,https://github.com/incoming,OK
200,https://github.com/incs,OK
200,https://github.com/incubator,OK
200,https://github.com/index,OK
200,https://github.com/index.html,OK
200,https://github.com/index1,OK
200,https://github.com/index2,OK
200,https://github.com/index3,OK
200,https://github.com/industries,OK
200,https://github.com/industry,OK
200,https://github.com/inetpub,OK
200,https://github.com/inf,OK
200,https://github.com/information,OK
200,https://github.com/informer,OK
200,https://github.com/infos,OK
200,https://github.com/login,OK
200,https://github.com/seed,OK
200,https://github.com/selectaddress,OK
200,https://github.com/selected,OK
200,https://github.com/selection,OK
200,https://github.com/self,OK
200,https://github.com/sell,OK
200,https://github.com/sem,OK
200,https://github.com/seminar,OK
200,https://github.com/seminars,OK
200,https://github.com/send,OK
200,https://github.com/sendfriend,OK
200,https://github.com/sendmail,OK
200,https://github.com/sendmessage,OK
200,https://github.com/sendto,OK
200,https://github.com/sensepost,OK
200,https://github.com/sensor,OK
200,https://github.com/sent,OK
200,https://github.com/seo,OK
200,https://github.com/serial,OK
200,https://github.com/serv,OK
200,https://github.com/serve,OK
200,https://github.com/server-status,OK
200,https://github.com/servers,OK
200,https://services.github.com/,OK
200,https://github.com/servicios,OK
200,https://github.com/servlet,OK
200,https://github.com/servlets,OK
200,https://github.com/sess,OK
200,https://github.com/login,OK
200,https://github.com/sessionid,OK
200,https://github.com/set,OK
200,https://github.com/setting,OK
200,https://github.com/login?return_to=https%3A%2F%2Fgithub.com%2Fsettings,OK
200,https://github.com/setup,OK
200,https://github.com/sex,OK
200,https://github.com/sf,OK
200,https://github.com/sg,OK
200,https://github.com/sh,OK
200,https://github.com/shadow,OK
200,https://github.com/shaken,OK
200,https://github.com/share,OK
200,https://github.com/shared,OK
200,https://github.com/shares,OK
200,https://github.com/shell,OK
200,https://github.com/shim,OK
200,https://github.com/ship,OK
200,https://github.com/shipped,OK
200,https://github.com/shipping,OK
